FirstName,LastName,UserPrincipalName,Department
Moses,Schowenburg,mschowenburg0@yale.edu,Research and Development
Alfons,O' Ronan,aoronan1@dagondesign.com,Services
Cordula,Viollet,cviollet2@elegantthemes.com,Sales
Lurline,Thurlow,lthurlow3@europa.eu,Engineering
Ax,Morena,amorena4@reverbnation.com,Legal
Odie,Shapera,oshapera5@drupal.org,Research and Development
Vikki,Titmuss,vtitmuss6@drupal.org,Support
Brose,Grinishin,bgrinishin7@feedburner.com,Human Resources
Tait,Bispo,tbispo8@linkedin.com,Training
Bran,O'Hogertie,bohogertie9@nyu.edu,Research and Development
Courtnay,Gosnell,cgosnella@google.it,Product Management
Sandy,Dinnis,sdinnisb@ocn.ne.jp,Accounting
Brnaby,Collison,bcollisonc@friendfeed.com,Services
Jobi,Wilden,jwildend@narod.ru,Accounting
Marsiella,Wheatley,mwheatleye@goo.ne.jp,Product Management
Lorain,McNelly,lmcnellyf@quantcast.com,Business Development
Averill,Brunesco,abrunescog@amazon.co.jp,Engineering
Sheffie,Heape,sheapeh@vimeo.com,Human Resources
Angela,Pantry,apantryi@nature.com,Marketing
Livia,Maton,lmatonj@uol.com.br,Services
Almeria,Soall,asoallk@sourceforge.net,Product Management
Vittorio,Pankethman,vpankethmanl@wordpress.org,Engineering
Alyson,Lighten,alightenm@google.es,Marketing
Lesley,Josupeit,ljosupeitn@deliciousdays.com,Sales
Vi,Langrish,vlangrisho@bbc.co.uk,Legal
Oralle,Barme,obarmep@addthis.com,Legal
Christal,Groves,cgrovesq@state.gov,Marketing
Blythe,Robeson,brobesonr@comsenz.com,Engineering
Jennine,Cosgreave,jcosgreaves@mapquest.com,Sales
Doll,Tuffley,dtuffleyt@drupal.org,Training
Stavro,Treker,strekeru@sourceforge.net,Marketing
Beatrix,Coltart,bcoltartv@sun.com,Accounting
Cam,Lowater,clowaterw@fotki.com,Marketing
Nehemiah,Ventam,nventamx@list-manage.com,Support
Carmelia,Katzmann,ckatzmanny@bluehost.com,Engineering
Reeta,Venediktov,rvenediktovz@digg.com,Business Development
Reinaldos,Keighly,rkeighly10@google.com.hk,Human Resources
Rosetta,Beasleigh,rbeasleigh11@nps.gov,Accounting
Teddy,Calcott,tcalcott12@google.co.uk,Human Resources
Kris,Kilalea,kkilalea13@taobao.com,Marketing
Sunny,Lidell,slidell14@nbcnews.com,Sales
Gretchen,Mourge,gmourge15@latimes.com,Legal
Frasquito,Baulch,fbaulch16@answers.com,Support
Ewell,Rothschild,erothschild17@yandex.ru,Training
Maryann,McCracken,mmccracken18@un.org,Human Resources
Alexandro,Kunath,akunath19@macromedia.com,Training
Ogden,Bleasby,obleasby1a@yolasite.com,Legal
Obed,Lytton,olytton1b@woothemes.com,Legal
Walther,Maddigan,wmaddigan1c@time.com,Business Development
Reuven,Duckels,rduckels1d@salon.com,Business Development
Richart,Carrett,rcarrett1e@engadget.com,Product Management
Catha,Hendrikse,chendrikse1f@aol.com,Legal
Fawnia,Browning,fbrowning1g@webmd.com,Research and Development
Kissie,Manketell,kmanketell1h@columbia.edu,Accounting
Vally,Rives,vrives1i@addthis.com,Legal
Sven,MacAnespie,smacanespie1j@prnewswire.com,Business Development
Ilyse,Skoof,iskoof1k@zimbio.com,Product Management
Donall,Cribbins,dcribbins1l@alibaba.com,Support
Berny,Bertot,bbertot1m@cyberchimps.com,Services
Lonnie,Papen,lpapen1n@sciencedirect.com,Product Management
Stella,Birkin,sbirkin1o@google.co.uk,Human Resources
Georgeanne,Spreckley,gspreckley1p@domainmarket.com,Legal
Biddy,Riep,briep1q@nsw.gov.au,Research and Development
Orel,Klementz,oklementz1r@printfriendly.com,Support
Nanete,Gashion,ngashion1s@yellowbook.com,Research and Development
Olag,Afield,oafield1t@imdb.com,Business Development
Nicol,Timoney,ntimoney1u@samsung.com,Training
Cal,Quakley,cquakley1v@reverbnation.com,Support
Corby,Reay,creay1w@oakley.com,Sales
Xylia,Jefford,xjefford1x@ca.gov,Product Management
Alfons,Vinton,avinton1y@squarespace.com,Legal
Jessamyn,Coppenhall,jcoppenhall1z@usnews.com,Research and Development
Noe,Taynton,ntaynton20@slashdot.org,Training
Fredelia,Dameisele,fdameisele21@hhs.gov,Training
Ricoriki,Skerratt,rskerratt22@tiny.cc,Legal
Berkie,Polkinghorne,bpolkinghorne23@devhub.com,Sales
Brucie,Ballantine,bballantine24@dagondesign.com,Business Development
Rodrick,Lanfer,rlanfer25@google.de,Business Development
Jacquenetta,Kilsby,jkilsby26@t-online.de,Research and Development
Nadiya,Myhan,nmyhan27@blogger.com,Product Management
Ronni,Dillimore,rdillimore28@mapquest.com,Training
Charissa,Kington,ckington29@reddit.com,Accounting
Olag,Dommerque,odommerque2a@yahoo.com,Support
Jean,Markson,jmarkson2b@hhs.gov,Business Development
Keeley,Younger,kyounger2c@bloglovin.com,Accounting
Roseline,Haithwaite,rhaithwaite2d@squarespace.com,Business Development
Keriann,M'Chirrie,kmchirrie2e@rakuten.co.jp,Research and Development
Arabel,Strutz,astrutz2f@alibaba.com,Engineering
Lorrie,Twigger,ltwigger2g@twitpic.com,Engineering
Raquela,Saunders,rsaunders2h@cornell.edu,Training
Theodoric,Arter,tarter2i@woothemes.com,Product Management
Moyra,Levermore,mlevermore2j@chron.com,Support
Giles,De la Eglise,gdelaeglise2k@netvibes.com,Training
Pren,McGreay,pmcgreay2l@paypal.com,Legal
Ranice,Winterson,rwinterson2m@cdc.gov,Accounting
Marlow,Cayette,mcayette2n@globo.com,Services
Tabby,Neale,tneale2o@flickr.com,Marketing
Peri,Hakking,phakking2p@last.fm,Engineering
Rudolph,Lattin,rlattin2q@list-manage.com,Accounting
Annis,McGoon,amcgoon2r@vk.com,Sales
Jeanette,Lanchbery,jlanchbery2s@examiner.com,Human Resources
Pasquale,Wase,pwase2t@cnet.com,Research and Development
Cary,Parkman,cparkman2u@topsy.com,Marketing
Ag,Laviste,alaviste2v@scientificamerican.com,Business Development
Jolie,Cornewell,jcornewell2w@surveymonkey.com,Legal
Keary,Moughton,kmoughton2x@mail.ru,Marketing
Joyce,Legate,jlegate2y@fema.gov,Business Development
Johnathon,Khristyukhin,jkhristyukhin2z@cisco.com,Support
Dominga,Hessentaler,dhessentaler30@state.gov,Sales
Patty,Petran,ppetran31@skyrock.com,Product Management
Noel,Spadotto,nspadotto32@cisco.com,Legal
Archy,Bleddon,ableddon33@themeforest.net,Sales
Gertrude,Copo,gcopo34@ted.com,Support
Neils,Bridgen,nbridgen35@cloudflare.com,Research and Development
Buddie,Widocks,bwidocks36@flickr.com,Marketing
Lawton,Leddie,lleddie37@jiathis.com,Human Resources
Merridie,Monnery,mmonnery38@shutterfly.com,Training
Rowena,Plowman,rplowman39@opensource.org,Legal
Norby,Parcell,nparcell3a@arstechnica.com,Support
Shaun,Venditto,svenditto3b@intel.com,Engineering
Catlee,Cardello,ccardello3c@latimes.com,Human Resources
Madlen,Heintze,mheintze3d@lulu.com,Legal
Hal,Pashan,hpashan3e@ehow.com,Legal
Caz,Carlyon,ccarlyon3f@alibaba.com,Engineering
Marrilee,Cazin,mcazin3g@topsy.com,Accounting
Demott,Bartkowiak,dbartkowiak3h@wordpress.com,Human Resources
Ulric,Blazdell,ublazdell3i@flavors.me,Marketing
Aridatha,Parlatt,aparlatt3j@umich.edu,Business Development
Sharla,Trenholm,strenholm3k@wordpress.org,Accounting
Iris,Rochewell,irochewell3l@cbslocal.com,Product Management
Rochester,Gellert,rgellert3m@qq.com,Accounting
Lou,Glassup,lglassup3n@last.fm,Sales
Lorain,Ranklin,lranklin3o@github.io,Accounting
Giulia,Scriviner,gscriviner3p@sun.com,Support
Richard,Hinnerk,rhinnerk3q@mtv.com,Engineering
Ferdinande,French,ffrench3r@yelp.com,Product Management
Frayda,Llopis,fllopis3s@people.com.cn,Business Development
Eada,Laimable,elaimable3t@examiner.com,Sales
Osbourne,Mallabar,omallabar3u@exblog.jp,Research and Development
Dru,Sedgman,dsedgman3v@thetimes.co.uk,Engineering
Saundra,Spaughton,sspaughton3w@networksolutions.com,Engineering
Linnie,Joyner,ljoyner3x@economist.com,Research and Development
Vladimir,Elis,velis3y@domainmarket.com,Services
Corene,Bleacher,cbleacher3z@china.com.cn,Research and Development
Steffie,Twycross,stwycross40@nature.com,Services
Luz,Stilgoe,lstilgoe41@jiathis.com,Product Management
Aimee,Ewbanche,aewbanche42@weather.com,Business Development
Leonelle,Kobelt,lkobelt43@biblegateway.com,Marketing
Gris,Sobczak,gsobczak44@free.fr,Sales
Erminia,Clere,eclere45@noaa.gov,Services
Frederick,Creasey,fcreasey46@youtu.be,Human Resources
Adamo,Cathro,acathro47@phoca.cz,Business Development
Kylen,Brend,kbrend48@biglobe.ne.jp,Legal
Cathrin,Flowith,cflowith49@eepurl.com,Human Resources
Hi,Swaisland,hswaisland4a@senate.gov,Legal
Jasmin,Borrow,jborrow4b@usnews.com,Accounting
Cordie,Gladbeck,cgladbeck4c@live.com,Product Management
Tedd,Littlefair,tlittlefair4d@google.cn,Research and Development
Zaccaria,Crewther,zcrewther4e@icq.com,Business Development
Carce,Morstatt,cmorstatt4f@parallels.com,Sales
Onfroi,Ambler,oambler4g@webmd.com,Marketing
Callean,Stichall,cstichall4h@virginia.edu,Sales
Nancey,Smithson,nsmithson4i@livejournal.com,Support
Sly,Yardley,syardley4j@un.org,Product Management
Bondon,Waldram,bwaldram4k@un.org,Business Development
Sigvard,Chappell,schappell4l@storify.com,Legal
Pinchas,Heynen,pheynen4m@zdnet.com,Legal
Rosa,Stoop,rstoop4n@dagondesign.com,Engineering
Wilhelmine,Ludlamme,wludlamme4o@bloomberg.com,Product Management
Alvina,Corry,acorry4p@t-online.de,Human Resources
Pierre,Meckiff,pmeckiff4q@bloglovin.com,Marketing
Clay,Amys,camys4r@hao123.com,Research and Development
Joya,Jepps,jjepps4s@wunderground.com,Research and Development
Lesley,McIvor,lmcivor4t@telegraph.co.uk,Business Development
Iolande,Petrishchev,ipetrishchev4u@eepurl.com,Support
Nerti,MacKilroe,nmackilroe4v@rediff.com,Engineering
Welbie,Dafter,wdafter4w@howstuffworks.com,Marketing
Sadella,Shaefer,sshaefer4x@paypal.com,Legal
Nissa,Agates,nagates4y@myspace.com,Human Resources
Laurella,De Vile,ldevile4z@about.com,Sales
Merridie,Chant,mchant50@nsw.gov.au,Training
Amelina,Sawbridge,asawbridge51@msn.com,Services
Oralie,Lippo,olippo52@sciencedaily.com,Engineering
Marillin,Pocklington,mpocklington53@google.it,Accounting
Cyndia,Benitez,cbenitez54@netvibes.com,Sales
Janelle,Henze,jhenze55@github.io,Accounting
Paige,Daveran,pdaveran56@shop-pro.jp,Sales
Camel,Benneton,cbenneton57@plala.or.jp,Research and Development
Camilla,Dunrige,cdunrige58@usnews.com,Accounting
Rosana,Prettjohn,rprettjohn59@theatlantic.com,Marketing
Ignatius,Hanfrey,ihanfrey5a@unicef.org,Sales
Andrea,Bumfrey,abumfrey5b@people.com.cn,Services
Jerrine,Favel,jfavel5c@microsoft.com,Product Management
Caldwell,Mouth,cmouth5d@livejournal.com,Support
Siffre,Greenly,sgreenly5e@ycombinator.com,Accounting
Vittoria,Braim,vbraim5f@comsenz.com,Support
Dionysus,Ritchley,dritchley5g@census.gov,Sales
Winn,Dawber,wdawber5h@google.es,Product Management
Ruggiero,Rhule,rrhule5i@fda.gov,Support
Thalia,Pettitt,tpettitt5j@a8.net,Business Development
Athena,Henrot,ahenrot5k@amazonaws.com,Engineering
Klarika,Samart,ksamart5l@hp.com,Research and Development
Crichton,Ciraldo,cciraldo5m@fda.gov,Support
Esme,Gwillim,egwillim5n@linkedin.com,Support
Brynne,Gott,bgott5o@redcross.org,Training
Mathe,Thornebarrow,mthornebarrow5p@geocities.jp,Legal
Byrom,Siely,bsiely5q@sohu.com,Business Development
Cynthie,Ilymanov,cilymanov5r@omniture.com,Product Management
Worthy,Tomasz,wtomasz5s@howstuffworks.com,Accounting
Debra,Aristide,daristide5t@noaa.gov,Support
Andrus,Cousins,acousins5u@fc2.com,Training
Alameda,Broune,abroune5v@imdb.com,Human Resources
Constancia,Bauldrey,cbauldrey5w@google.pl,Training
Cinda,McClurg,cmcclurg5x@google.ru,Legal
Cully,Hannen,channen5y@purevolume.com,Research and Development
Etta,Penylton,epenylton5z@reuters.com,Support
Pip,Gaylord,pgaylord60@soundcloud.com,Accounting
Robbie,Mossdale,rmossdale61@cbsnews.com,Human Resources
Linnie,Donnelly,ldonnelly62@twitpic.com,Product Management
Sidonia,Axup,saxup63@exblog.jp,Engineering
Rosana,By,rby64@symantec.com,Engineering
Elyse,Haggas,ehaggas65@pbs.org,Sales
Vida,Askham,vaskham66@weebly.com,Business Development
Raviv,Poll,rpoll67@a8.net,Engineering
Traci,McArtan,tmcartan68@theatlantic.com,Support
Crin,Northen,cnorthen69@senate.gov,Business Development
Hirsch,Le Guin,hleguin6a@cargocollective.com,Business Development
Melodee,Tilberry,mtilberry6b@odnoklassniki.ru,Human Resources
Jarib,Roller,jroller6c@gizmodo.com,Training
Siusan,Macro,smacro6d@51.la,Product Management
Cherry,Clyant,cclyant6e@europa.eu,Human Resources
Alfons,Duff,aduff6f@freewebs.com,Human Resources
Cletis,Alans,calans6g@mozilla.com,Services
Fallon,Caile,fcaile6h@auda.org.au,Product Management
Winn,Somerscales,wsomerscales6i@ning.com,Training
Berton,Dallas,bdallas6j@feedburner.com,Business Development
Keir,Reinhart,kreinhart6k@aboutads.info,Sales
Quinton,Sandbatch,qsandbatch6l@bandcamp.com,Accounting
Madonna,McGeachie,mmcgeachie6m@google.cn,Marketing
Findlay,Pieper,fpieper6n@sohu.com,Product Management
Raoul,Bertlin,rbertlin6o@soup.io,Human Resources
Rosa,Gilffillan,rgilffillan6p@wufoo.com,Business Development
Chandler,Lailey,clailey6q@imageshack.us,Product Management
Sophey,Goodsell,sgoodsell6r@odnoklassniki.ru,Human Resources
Chrysler,Kerfoot,ckerfoot6s@amazon.com,Marketing
Dolli,Gason,dgason6t@walmart.com,Services
Ki,Cousins,kcousins6u@google.it,Legal
Nevin,Fillan,nfillan6v@sourceforge.net,Services
Anne,Pechard,apechard6w@blogtalkradio.com,Marketing
Corty,Guiso,cguiso6x@who.int,Sales
Merrie,Bartali,mbartali6y@stanford.edu,Sales
Teddy,Dickson,tdickson6z@behance.net,Accounting
Mattie,Dearing,mdearing70@wikispaces.com,Engineering
Olive,Vasyukhichev,ovasyukhichev71@usatoday.com,Product Management
Jessee,Lucian,jlucian72@baidu.com,Sales
Edgard,Ludron,eludron73@tiny.cc,Research and Development
Irv,Salery,isalery74@quantcast.com,Accounting
Dwayne,MacConnell,dmacconnell75@unesco.org,Services
Mikael,Wenzel,mwenzel76@last.fm,Sales
Clo,Moreman,cmoreman77@timesonline.co.uk,Accounting
Sibeal,Leggat,sleggat78@barnesandnoble.com,Services
Morlee,Gorsse,mgorsse79@bigcartel.com,Sales
Mariana,Stinson,mstinson7a@elegantthemes.com,Services
Wilow,Patterfield,wpatterfield7b@cdc.gov,Research and Development
Virge,Wharby,vwharby7c@mapy.cz,Product Management
Leslie,Dennes,ldennes7d@reverbnation.com,Product Management
Rowen,Mousby,rmousby7e@slate.com,Research and Development
Adah,Balwin,abalwin7f@cmu.edu,Human Resources
Corny,Coslett,ccoslett7g@china.com.cn,Services
Gratiana,McReynold,gmcreynold7h@unc.edu,Legal
Melisa,Tessier,mtessier7i@blogs.com,Business Development
Newton,Abreheart,nabreheart7j@who.int,Business Development
Callean,Craggs,ccraggs7k@de.vu,Product Management
Peter,Fysh,pfysh7l@skyrock.com,Legal
Lisha,Tremellan,ltremellan7m@blogs.com,Training
Thomasina,Tansill,ttansill7n@smh.com.au,Support
Nevins,Zavittieri,nzavittieri7o@histats.com,Product Management
Ana,Higgan,ahiggan7p@themeforest.net,Business Development
Bennie,Flinders,bflinders7q@zdnet.com,Services
Katherina,Drewett,kdrewett7r@deliciousdays.com,Sales
Ardyce,Brothwell,abrothwell7s@feedburner.com,Sales
Graehme,Wescott,gwescott7t@cisco.com,Marketing
Phineas,Barrabeale,pbarrabeale7u@globo.com,Training
Jelene,Loveridge,jloveridge7v@cisco.com,Sales
Marmaduke,Ivain,mivain7w@plala.or.jp,Legal
Lisabeth,Kliemchen,lkliemchen7x@stumbleupon.com,Product Management
Moses,Bareham,mbareham7y@123-reg.co.uk,Accounting
Maura,Sandyford,msandyford7z@jigsy.com,Training
Lind,Barnaby,lbarnaby80@ca.gov,Engineering
Fernande,Kefford,fkefford81@edublogs.org,Support
Humbert,Burnyate,hburnyate82@narod.ru,Support
Agretha,Minithorpe,aminithorpe83@scientificamerican.com,Human Resources
Orly,Smissen,osmissen84@networkadvertising.org,Research and Development
Manon,Haydn,mhaydn85@craigslist.org,Marketing
Thomasine,Everingham,teveringham86@angelfire.com,Sales
Dre,Giamo,dgiamo87@usatoday.com,Legal
Rowland,Rolland,rrolland88@ft.com,Human Resources
Wade,Gronowe,wgronowe89@bloglines.com,Human Resources
Norton,Zupa,nzupa8a@forbes.com,Sales
Leonerd,Bolino,lbolino8b@china.com.cn,Marketing
Mariya,Duncan,mduncan8c@stumbleupon.com,Human Resources
Jyoti,Copozio,jcopozio8d@icq.com,Training
Ranice,Dutnall,rdutnall8e@ameblo.jp,Accounting
Emmalyn,Massimi,emassimi8f@amazon.co.uk,Human Resources
Sunny,Surphliss,ssurphliss8g@canalblog.com,Accounting
Briant,Gaishson,bgaishson8h@bandcamp.com,Product Management
Penny,Smedley,psmedley8i@vk.com,Support
Brady,Wickman,bwickman8j@bandcamp.com,Engineering
Gracie,Cadany,gcadany8k@unicef.org,Sales
Oswald,Stuffins,ostuffins8l@vk.com,Training
Marco,Mucklow,mmucklow8m@wired.com,Marketing
Stanly,Eloy,seloy8n@redcross.org,Services
Melodie,Klich,mklich8o@blog.com,Services
Ambrose,Depport,adepport8p@dagondesign.com,Product Management
Wenonah,Pleass,wpleass8q@opensource.org,Human Resources
Madge,Dufaire,mdufaire8r@tamu.edu,Research and Development
Fionna,Bembridge,fbembridge8s@usatoday.com,Training
Silvano,Roylance,sroylance8t@princeton.edu,Services
Phylys,Cockhill,pcockhill8u@dell.com,Human Resources
Sabine,Hungerford,shungerford8v@aboutads.info,Engineering
Gerome,Laird-Craig,glairdcraig8w@bandcamp.com,Sales
Grant,Cattermull,gcattermull8x@jalbum.net,Sales
Benetta,Verlinde,bverlinde8y@smh.com.au,Human Resources
Cathy,Felmingham,cfelmingham8z@yellowbook.com,Human Resources
Winne,Saltsberg,wsaltsberg90@mtv.com,Human Resources
Starlene,McCaw,smccaw91@thetimes.co.uk,Support
Cherrita,Cusack,ccusack92@weebly.com,Training
Wallis,Joblin,wjoblin93@newsvine.com,Product Management
Pacorro,Baglan,pbaglan94@themeforest.net,Human Resources
Gladi,Linster,glinster95@yahoo.com,Legal
Adelice,Wride,awride96@pen.io,Research and Development
Fiann,Castellanos,fcastellanos97@amazonaws.com,Support
Norina,Dadd,ndadd98@reverbnation.com,Research and Development
Annadiana,Riccard,ariccard99@mtv.com,Product Management
Jaquenette,Tindle,jtindle9a@diigo.com,Sales
Kelley,Meneux,kmeneux9b@youtube.com,Legal
Felike,Paula,fpaula9c@nps.gov,Services
Nevil,Buscher,nbuscher9d@so-net.ne.jp,Research and Development
Thelma,Prestige,tprestige9e@topsy.com,Services
Esme,Franzotto,efranzotto9f@google.com.hk,Training
Corrie,Davson,cdavson9g@miitbeian.gov.cn,Sales
Drucie,Saltman,dsaltman9h@pbs.org,Product Management
Guido,Wawer,gwawer9i@is.gd,Legal
Ivie,Touzey,itouzey9j@phoca.cz,Engineering
Jordan,Carff,jcarff9k@abc.net.au,Services
Dukey,Plaster,dplaster9l@independent.co.uk,Sales
Deanne,Corro,dcorro9m@skyrock.com,Marketing
Briana,Scholfield,bscholfield9n@unicef.org,Product Management
Vera,Nineham,vnineham9o@ihg.com,Support
Maxie,Bagshaw,mbagshaw9p@wikipedia.org,Marketing
Essie,Verryan,everryan9q@amazon.co.uk,Legal
Earl,Eddie,eeddie9r@angelfire.com,Accounting
Ibrahim,Osbourne,iosbourne9s@businesswire.com,Research and Development
Beatriz,Kusick,bkusick9t@usatoday.com,Business Development
Elvin,Senten,esenten9u@rambler.ru,Human Resources
Mallorie,Safell,msafell9v@census.gov,Marketing
Flossi,Wapple,fwapple9w@statcounter.com,Support
Neal,Bordis,nbordis9x@earthlink.net,Product Management
Ramona,Beedham,rbeedham9y@jigsy.com,Sales
Sena,Cambell,scambell9z@mlb.com,Research and Development
Doroteya,Lathe,dlathea0@netscape.com,Research and Development
Ranee,Nuss,rnussa1@theguardian.com,Support
Mitch,Dood,mdooda2@google.co.jp,Product Management
Tisha,Musla,tmuslaa3@columbia.edu,Research and Development
Georgeanne,Goodlife,ggoodlifea4@people.com.cn,Research and Development
Byrle,Yashanov,byashanova5@reddit.com,Training
Daffie,Bennough,dbennougha6@mapy.cz,Services
Urbain,Betho,ubethoa7@hibu.com,Research and Development
Tomaso,Calrow,tcalrowa8@yolasite.com,Marketing
Rubin,Reuther,rreuthera9@mac.com,Engineering
Ian,Forrester,iforresteraa@tinypic.com,Marketing
Valry,Gabbitis,vgabbitisab@ox.ac.uk,Research and Development
Franciska,Somerton,fsomertonac@aol.com,Product Management
Kasper,Clawe,kclawead@thetimes.co.uk,Accounting
Wynn,Nutty,wnuttyae@slashdot.org,Marketing
Fiann,Keems,fkeemsaf@stanford.edu,Human Resources
Winnah,Sagerson,wsagersonag@elpais.com,Support
Mar,Seeks,mseeksah@wufoo.com,Product Management
Mara,Hancock,mhancockai@adobe.com,Services
Drugi,Wright,dwrightaj@weebly.com,Marketing
Umeko,Boud,uboudak@woothemes.com,Marketing
Pauline,Ricciardiello,pricciardielloal@boston.com,Human Resources
Iolanthe,Talloe,italloeam@census.gov,Accounting
Audie,Womack,awomackan@theguardian.com,Sales
Genia,Dutnall,gdutnallao@bbb.org,Human Resources
Nan,Beaney,nbeaneyap@biglobe.ne.jp,Legal
Sherilyn,Wardall,swardallaq@pinterest.com,Support
Koenraad,Thredder,kthredderar@reuters.com,Research and Development
Orville,Sedgeman,osedgemanas@dagondesign.com,Marketing
Genna,Blagbrough,gblagbroughat@fc2.com,Legal
Twyla,Hanway,thanwayau@google.nl,Marketing
Barbaraanne,Pendergrast,bpendergrastav@answers.com,Human Resources
Janela,Trethowan,jtrethowanaw@google.com.br,Training
Carie,McLarnon,cmclarnonax@shutterfly.com,Sales
Farlie,Featherstonhaugh,ffeatherstonhaughay@hexun.com,Services
Thornton,Connock,tconnockaz@xing.com,Product Management
Armand,Pennycuick,apennycuickb0@addthis.com,Accounting
Dennison,Abbott,dabbottb1@reuters.com,Legal
Bernie,Hufton,bhuftonb2@typepad.com,Services
Fabiano,Hinemoor,fhinemoorb3@alibaba.com,Sales
Babs,Maccrie,bmaccrieb4@eventbrite.com,Training
Eben,Nigh,enighb5@bravesites.com,Engineering
Manny,Danilyuk,mdanilyukb6@addtoany.com,Business Development
Mendy,Mowling,mmowlingb7@npr.org,Human Resources
Peder,Mantripp,pmantrippb8@networksolutions.com,Training
Esta,Pinching,epinchingb9@wikia.com,Marketing
Rosaleen,Donati,rdonatiba@goo.ne.jp,Business Development
Montgomery,Keal,mkealbb@squidoo.com,Business Development
Pooh,Harly,pharlybc@yellowbook.com,Accounting
Adan,Wackly,awacklybd@latimes.com,Accounting
Imelda,Horder,ihorderbe@yahoo.co.jp,Engineering
Garold,Glasspoole,gglasspoolebf@walmart.com,Research and Development
Alvis,Albert,aalbertbg@dell.com,Legal
Baily,McGinney,bmcginneybh@businessinsider.com,Human Resources
Euell,Gorler,egorlerbi@imgur.com,Human Resources
Minny,Getcliffe,mgetcliffebj@yellowpages.com,Product Management
Kippar,Kuhnel,kkuhnelbk@phpbb.com,Sales
Andriana,Silvermann,asilvermannbl@gravatar.com,Sales
Bethena,Matzel,bmatzelbm@oakley.com,Legal
Brook,Fibbings,bfibbingsbn@liveinternet.ru,Product Management
Teodorico,Polsin,tpolsinbo@issuu.com,Human Resources
Dominica,Mabe,dmabebp@nifty.com,Research and Development
Jobyna,Mont,jmontbq@cafepress.com,Sales
Brit,Gowanlock,bgowanlockbr@about.com,Engineering
Catlaina,Albert,calbertbs@dagondesign.com,Legal
Rahel,McIntosh,rmcintoshbt@blogger.com,Human Resources
Kellie,Coveny,kcovenybu@163.com,Research and Development
Wally,Rizzillo,wrizzillobv@telegraph.co.uk,Support
Haley,Hellard,hhellardbw@yahoo.com,Sales
Massimiliano,Ferres,mferresbx@seattletimes.com,Training
Humbert,Browse,hbrowseby@reverbnation.com,Sales
Dion,Imlin,dimlinbz@artisteer.com,Support
Austine,Foggarty,afoggartyc0@behance.net,Services
Marty,Snadden,msnaddenc1@ihg.com,Business Development
Travus,Coleby,tcolebyc2@google.nl,Research and Development
Martelle,Walesby,mwalesbyc3@tuttocitta.it,Services
Stern,Willeman,swillemanc4@yolasite.com,Engineering
Walliw,Brundell,wbrundellc5@census.gov,Human Resources
Oswald,Zimmer,ozimmerc6@paypal.com,Product Management
Carma,Chevin,cchevinc7@netvibes.com,Human Resources
Inness,Jacobsen,ijacobsenc8@sourceforge.net,Legal
Jorgan,Yakovitch,jyakovitchc9@squarespace.com,Accounting
Farley,Gross,fgrossca@ask.com,Human Resources
Juli,Heliot,jheliotcb@networksolutions.com,Support
Sig,Yokley,syokleycc@ucoz.ru,Business Development
Randolph,Greaser,rgreasercd@utexas.edu,Business Development
Nanni,Naris,nnarisce@about.me,Human Resources
Phineas,Lashmore,plashmorecf@google.es,Human Resources
Pearline,Johncey,pjohnceycg@netvibes.com,Product Management
Cob,Lanchbery,clanchberych@npr.org,Human Resources
Shina,Fuke,sfukeci@shareasale.com,Business Development
Angelina,Andrzej,aandrzejcj@ibm.com,Legal
Thornie,Dorrins,tdorrinsck@dedecms.com,Legal
Cayla,Trunkfield,ctrunkfieldcl@addtoany.com,Engineering
Gwenore,Townsend,gtownsendcm@xing.com,Accounting
Arie,Ghelarducci,aghelarduccicn@berkeley.edu,Marketing
Sheba,Gohier,sgohierco@dailymail.co.uk,Services
Carol,Spalding,cspaldingcp@netlog.com,Engineering
Peggi,Cresswell,pcresswellcq@free.fr,Engineering
Lynne,Lubomirski,llubomirskicr@e-recht24.de,Services
Orel,Delion,odelioncs@mashable.com,Research and Development
Kristel,Tapenden,ktapendenct@4shared.com,Training
Konstantin,Larwell,klarwellcu@army.mil,Engineering
Blondell,De Lisle,bdelislecv@mashable.com,Product Management
Barnett,Schistl,bschistlcw@meetup.com,Services
Horst,Reynault,hreynaultcx@1688.com,Training
Romona,Leggis,rleggiscy@auda.org.au,Product Management
Zia,Gypson,zgypsoncz@toplist.cz,Legal
Edithe,Missington,emissingtond0@sina.com.cn,Product Management
Darryl,Campagne,dcampagned1@pagesperso-orange.fr,Accounting
Deva,Berrey,dberreyd2@businesswire.com,Services
Rocky,Ebanks,rebanksd3@symantec.com,Accounting
Cora,Waylett,cwaylettd4@eventbrite.com,Accounting
Elwood,Titcom,etitcomd5@shinystat.com,Legal
Francyne,Rupprecht,frupprechtd6@indiegogo.com,Human Resources
Bryn,McTrustam,bmctrustamd7@tamu.edu,Human Resources
Kelci,Sandon,ksandond8@ning.com,Legal
Olwen,Massel,omasseld9@spotify.com,Training
Swen,Cundey,scundeyda@vkontakte.ru,Product Management
Skipper,Orta,sortadb@pagesperso-orange.fr,Marketing
Dun,Dillintone,ddillintonedc@spiegel.de,Services
Hashim,O'Gleasane,hogleasanedd@nature.com,Services
Trueman,Kilgallon,tkilgallonde@cisco.com,Human Resources
Cherilynn,Cinelli,ccinellidf@rediff.com,Business Development
Olly,Iacabucci,oiacabuccidg@apache.org,Services
Lolly,Endicott,lendicottdh@uiuc.edu,Human Resources
Ardelia,Lucock,alucockdi@hibu.com,Accounting
Rourke,O'Carroll,rocarrolldj@arstechnica.com,Legal
Laryssa,Verlander,lverlanderdk@ucla.edu,Accounting
Lila,Hastwall,lhastwalldl@nymag.com,Support
Isabeau,Koppen,ikoppendm@shutterfly.com,Support
Allyn,Hedgeley,ahedgeleydn@tumblr.com,Product Management
Gal,Binfield,gbinfielddo@hugedomains.com,Marketing
Lorne,Dee,ldeedp@yandex.ru,Engineering
Louis,Inman,linmandq@i2i.jp,Services
Vi,Place,vplacedr@dedecms.com,Sales
Keene,Fillgate,kfillgateds@cnn.com,Human Resources
Callida,Van der Brugge,cvanderbruggedt@rakuten.co.jp,Legal
Mozes,Crossgrove,mcrossgrovedu@nifty.com,Services
Maudie,Tippler,mtipplerdv@imgur.com,Support
Eliot,Mattheis,emattheisdw@de.vu,Business Development
Timmy,Dunmore,tdunmoredx@51.la,Marketing
Maynard,Roakes,mroakesdy@hud.gov,Services
Cordy,Garahan,cgarahandz@intel.com,Training
Geralda,Spurgin,gspurgine0@forbes.com,Business Development
Ludovika,Bridger,lbridgere1@woothemes.com,Marketing
Galen,O'Loughlin,goloughline2@slideshare.net,Legal
Dannel,Howle,dhowlee3@domainmarket.com,Business Development
Jermaine,Astlet,jastlete4@skype.com,Support
Denna,Walburn,dwalburne5@ezinearticles.com,Human Resources
Alwyn,Tourot,atourote6@bbc.co.uk,Accounting
Katusha,Du Fray,kdufraye7@clickbank.net,Training
Shaylyn,Pymar,spymare8@xrea.com,Marketing
Alain,Curds,acurdse9@goo.ne.jp,Marketing
Thornie,Sallinger,tsallingerea@hud.gov,Human Resources
Billie,McAnalley,bmcanalleyeb@lulu.com,Support
Lewie,Ferrotti,lferrottiec@mapquest.com,Legal
Murielle,Catherick,mcathericked@stanford.edu,Marketing
Iain,Lotterington,ilotteringtonee@phpbb.com,Business Development
Norrie,Sweedland,nsweedlandef@linkedin.com,Engineering
Wade,Takkos,wtakkoseg@technorati.com,Engineering
Cirilo,Snelgrove,csnelgroveeh@nsw.gov.au,Training
Sheilakathryn,Adelman,sadelmanei@mysql.com,Services
Jacinda,O'Halligan,johalliganej@alibaba.com,Accounting
Derry,Dilston,ddilstonek@aboutads.info,Support
Arlinda,Thew,athewel@weather.com,Legal
Casper,Whillock,cwhillockem@creativecommons.org,Support
Estel,Klejin,eklejinen@newyorker.com,Engineering
Mariann,Renak,mrenakeo@histats.com,Sales
Garvy,O'Mullally,gomullallyep@cbslocal.com,Engineering
Arley,Barkes,abarkeseq@skyrock.com,Legal
Haven,Goodale,hgoodaleer@bbb.org,Research and Development
Nina,Laurenty,nlaurentyes@edublogs.org,Training
Waverley,Sloper,wsloperet@netscape.com,Training
Giffard,O'Dea,godeaeu@yellowpages.com,Human Resources
Hobart,Westley,hwestleyev@google.nl,Sales
Krystle,Shelly,kshellyew@thetimes.co.uk,Product Management
Felicia,Lehr,flehrex@bizjournals.com,Business Development
Holmes,Habbert,hhabbertey@livejournal.com,Training
Violette,Toderbrugge,vtoderbruggeez@netscape.com,Accounting
Corbett,Scrimshaw,cscrimshawf0@google.com.au,Legal
Lenna,Crumpton,lcrumptonf1@un.org,Services
Tori,Littlefair,tlittlefairf2@dailymotion.com,Legal
Corrina,Boddington,cboddingtonf3@theguardian.com,Legal
Nana,Ledford,nledfordf4@dot.gov,Training
Lannie,Batchellor,lbatchellorf5@ibm.com,Engineering
Marley,Fucher,mfucherf6@w3.org,Sales
Julina,Limbrick,jlimbrickf7@hostgator.com,Accounting
Fidelia,Boothe,fboothef8@europa.eu,Product Management
Kaile,Ansell,kansellf9@twitpic.com,Research and Development
Nichole,Claus,nclausfa@mit.edu,Services
Lancelot,Ingle,linglefb@cloudflare.com,Accounting
Eugenius,Gaudon,egaudonfc@archive.org,Accounting
Daryl,Gable,dgablefd@bloglovin.com,Legal
Wandie,Bolingbroke,wbolingbrokefe@infoseek.co.jp,Human Resources
Jacenta,Sherreard,jsherreardff@g.co,Marketing
Olenka,Stilliard,ostilliardfg@census.gov,Services
Coralyn,Riguard,criguardfh@barnesandnoble.com,Marketing
Verile,Dansey,vdanseyfi@wp.com,Sales
Renell,Bimson,rbimsonfj@hp.com,Legal
Quill,Staining,qstainingfk@gnu.org,Business Development
Deidre,Sutty,dsuttyfl@redcross.org,Accounting
Kelli,McNysche,kmcnyschefm@cmu.edu,Support
Dimitry,Maberley,dmaberleyfn@reference.com,Human Resources
Shela,Gisbey,sgisbeyfo@microsoft.com,Sales
Morey,Fairley,mfairleyfp@rambler.ru,Legal
Mano,Bandt,mbandtfq@europa.eu,Support
Rawley,Fergyson,rfergysonfr@amazon.co.uk,Business Development
Jacobo,Sherrott,jsherrottfs@jiathis.com,Human Resources
Elfrieda,Dare,edareft@auda.org.au,Services
Ulrich,Cakes,ucakesfu@msu.edu,Support
Enrique,Gurry,egurryfv@imgur.com,Sales
Renie,Ashleigh,rashleighfw@spiegel.de,Legal
Marcel,Maciejak,mmaciejakfx@slashdot.org,Support
Biron,Ogbourne,bogbournefy@plala.or.jp,Human Resources
Maren,Kerton,mkertonfz@cocolog-nifty.com,Research and Development
Muriel,Bradmore,mbradmoreg0@twitter.com,Marketing
Moishe,Ianilli,mianillig1@dailymail.co.uk,Legal
Domini,Whisson,dwhissong2@aboutads.info,Product Management
Lem,Burn,lburng3@lulu.com,Services
Beth,Punshon,bpunshong4@amazon.de,Support
Elfreda,Stourton,estourtong5@si.edu,Marketing
Ronda,Velten,rvelteng6@google.com,Services
Aubrette,Soldner,asoldnerg7@ow.ly,Training
Wakefield,Meggison,wmeggisong8@hugedomains.com,Engineering
Rickey,Fasson,rfassong9@digg.com,Engineering
Rice,Stothert,rstothertga@disqus.com,Accounting
Swen,Advani,sadvanigb@omniture.com,Sales
Blane,Rewcassell,brewcassellgc@hibu.com,Sales
Samara,A'Barrow,sabarrowgd@theatlantic.com,Training
Coral,Keyworth,ckeyworthge@jalbum.net,Sales
Aube,Petrosian,apetrosiangf@answers.com,Services
Gwendolin,Alaway,galawaygg@baidu.com,Services
Isaac,Ginie,iginiegh@usda.gov,Human Resources
Janeta,Rizzini,jrizzinigi@g.co,Product Management
Jacquelin,Redman,jredmangj@sciencedaily.com,Engineering
Graeme,Beevors,gbeevorsgk@discovery.com,Accounting
Kliment,Brendish,kbrendishgl@blinklist.com,Training
Jo ann,Farrimond,jfarrimondgm@nba.com,Legal
Shirl,Goslin,sgoslingn@examiner.com,Engineering
Elwira,Bristowe,ebristowego@ucoz.ru,Training
Joachim,Averies,javeriesgp@cam.ac.uk,Marketing
Cherrita,Ech,cechgq@ehow.com,Research and Development
Adore,Naptine,anaptinegr@mapy.cz,Product Management
Gilligan,Hornung,ghornunggs@ft.com,Support
Derrek,Lashbrook,dlashbrookgt@comsenz.com,Accounting
Analise,Copplestone,acopplestonegu@bbb.org,Marketing
Halley,Seyler,hseylergv@china.com.cn,Sales
Gawain,Hurdedge,ghurdedgegw@mayoclinic.com,Marketing
Krissie,Beiderbecke,kbeiderbeckegx@chicagotribune.com,Marketing
Doyle,Slyne,dslynegy@narod.ru,Business Development
Mordecai,Mackin,mmackingz@slate.com,Support
Alta,Berrill,aberrillh0@state.gov,Marketing
Cosme,Radley,cradleyh1@discuz.net,Services
Piotr,Piatti,ppiattih2@nytimes.com,Sales
Eleanora,Barbara,ebarbarah3@hhs.gov,Services
Liesa,O'Connolly,loconnollyh4@nba.com,Business Development
Tyne,Pharro,tpharroh5@ftc.gov,Marketing
Rafi,Greve,rgreveh6@utexas.edu,Sales
Damien,Deluce,ddeluceh7@scribd.com,Sales
Lenee,Smeath,lsmeathh8@dailymail.co.uk,Research and Development
Nicolina,Shevill,nshevillh9@naver.com,Services
Pippa,Hayball,phayballha@bloglovin.com,Support
Rosanne,Duchatel,rduchatelhb@businessinsider.com,Research and Development
Marigold,Palfrie,mpalfriehc@163.com,Sales
Cecily,Asplin,casplinhd@fotki.com,Legal
Thaddeus,Chezelle,tchezellehe@samsung.com,Business Development
Lizzy,Reggio,lreggiohf@aol.com,Business Development
Malchy,Corpe,mcorpehg@omniture.com,Engineering
Elinor,Hearl,ehearlhh@independent.co.uk,Business Development
Hyman,Rama,hramahi@simplemachines.org,Engineering
Olimpia,Lines,olineshj@rakuten.co.jp,Legal
Jedediah,Flohard,jflohardhk@com.com,Human Resources
Andriana,MacKim,amackimhl@cbc.ca,Services
Adele,Ferrie,aferriehm@comcast.net,Human Resources
Linea,Kennan,lkennanhn@apple.com,Support
Grant,Milier,gmilierho@apache.org,Sales
Faye,Lethlay,flethlayhp@clickbank.net,Product Management
Eddy,Stawell,estawellhq@lulu.com,Human Resources
Mitchell,Mancktelow,mmancktelowhr@google.com,Training
Jenny,Plenderleith,jplenderleithhs@infoseek.co.jp,Support
Theobald,Smaile,tsmaileht@hatena.ne.jp,Support
Stella,Able,sablehu@flavors.me,Marketing
Lorin,Cansdall,lcansdallhv@blog.com,Research and Development
Renie,Ciepluch,rciepluchhw@1und1.de,Business Development
Emmie,Penburton,epenburtonhx@google.pl,Training
Christian,Matei,cmateihy@yandex.ru,Engineering
Austin,Dumigan,adumiganhz@hugedomains.com,Training
Liuka,Bewsey,lbewseyi0@howstuffworks.com,Services
Kaia,Splevins,ksplevinsi1@columbia.edu,Business Development
Cloe,Chritchley,cchritchleyi2@jimdo.com,Legal
Sig,Alexandersson,salexanderssoni3@wiley.com,Research and Development
Frederick,Franies,ffraniesi4@theglobeandmail.com,Marketing
Kellen,Samarth,ksamarthi5@digg.com,Marketing
Raddy,Gair,rgairi6@symantec.com,Product Management
Gerry,Ickovicz,gickoviczi7@pbs.org,Support
Elisha,Lebourn,elebourni8@guardian.co.uk,Sales
Tedra,Cleyburn,tcleyburni9@imdb.com,Support
Allayne,Bartelli,abartelliia@columbia.edu,Engineering
Jenine,Girhard,jgirhardib@un.org,Business Development
Kenton,Beare,kbeareic@sphinn.com,Accounting
Perry,Campes,pcampesid@desdev.cn,Services
Ware,Jelks,wjelksie@feedburner.com,Training
Charil,Tear,ctearif@phoca.cz,Business Development
Hirsch,Paull,hpaullig@bloglines.com,Sales
Bessie,Bartlomiej,bbartlomiejih@hostgator.com,Accounting
Fons,Caitlin,fcaitlinii@gizmodo.com,Research and Development
Mahalia,Ruzicka,mruzickaij@wordpress.com,Services
Dyanne,Rolin,drolinik@phpbb.com,Accounting
Maridel,Petera,mpeterail@yellowbook.com,Engineering
Darcy,McQuillen,dmcquillenim@yellowbook.com,Training
Archibold,Clowser,aclowserin@pagesperso-orange.fr,Sales
Maurizio,Hiscoe,mhiscoeio@hubpages.com,Legal
Xenia,Ansell,xansellip@csmonitor.com,Product Management
Janey,Gianneschi,jgianneschiiq@flickr.com,Support
Layne,Crothers,lcrothersir@blinklist.com,Human Resources
Ermengarde,Hartzog,ehartzogis@hao123.com,Marketing
Tandy,Vlasenko,tvlasenkoit@ustream.tv,Services
Coleen,Manser,cmanseriu@cyberchimps.com,Research and Development
Horten,Calton,hcaltoniv@admin.ch,Sales
Oona,Kock,okockiw@tumblr.com,Support
Brittney,Berkeley,bberkeleyix@sbwire.com,Engineering
Candida,Briat,cbriatiy@umn.edu,Marketing
Jaquenette,Sillars,jsillarsiz@devhub.com,Sales
Noemi,Scramage,nscramagej0@facebook.com,Legal
Raynor,Lyal,rlyalj1@github.com,Business Development
Barbette,Halsted,bhalstedj2@artisteer.com,Services
Randall,Cruddas,rcruddasj3@oaic.gov.au,Accounting
Moise,Bowe,mbowej4@columbia.edu,Business Development
Delainey,Keegan,dkeeganj5@google.com,Marketing
Clementia,McAtamney,cmcatamneyj6@vimeo.com,Engineering
Kory,McGooch,kmcgoochj7@state.gov,Product Management
Fields,Krollman,fkrollmanj8@lulu.com,Training
Madlin,Mowday,mmowdayj9@blogtalkradio.com,Human Resources
Cobby,Spatoni,cspatonija@mediafire.com,Engineering
Wenona,Foley,wfoleyjb@dailymail.co.uk,Services
Davy,Hoffner,dhoffnerjc@ox.ac.uk,Research and Development
Arie,McCartney,amccartneyjd@freewebs.com,Product Management
Emmalynn,Guerry,eguerryje@unblog.fr,Accounting
Ophelia,Gilkes,ogilkesjf@g.co,Sales
Janeta,Zoellner,jzoellnerjg@digg.com,Support
Atalanta,Benam,abenamjh@imdb.com,Business Development
Lissie,Schukert,lschukertji@twitpic.com,Services
Bertine,Balmforth,bbalmforthjj@aol.com,Sales
Paulina,Fenning,pfenningjk@posterous.com,Human Resources
Jeramey,How to preserve,jhowtopreservejl@admin.ch,Accounting
Elnar,Whistlecroft,ewhistlecroftjm@freewebs.com,Human Resources
Karleen,Segoe,ksegoejn@cyberchimps.com,Product Management
Cale,McGinley,cmcginleyjo@wix.com,Research and Development
Clarance,Larter,clarterjp@miitbeian.gov.cn,Legal
Emile,Piel,epieljq@sakura.ne.jp,Sales
Efrem,Henken,ehenkenjr@senate.gov,Training
Chaddy,O'Kieran,cokieranjs@sciencedaily.com,Business Development
Lyda,Rawlinson,lrawlinsonjt@google.com.hk,Legal
Elyssa,Buten,ebutenju@devhub.com,Business Development
Kalle,Valek,kvalekjv@nba.com,Research and Development
Cora,Nafziger,cnafzigerjw@t.co,Product Management
Titus,Ferrero,tferrerojx@hubpages.com,Sales
Christoforo,Portsmouth,cportsmouthjy@salon.com,Accounting
Carlo,Prowting,cprowtingjz@virginia.edu,Support
Aleta,Stallen,astallenk0@freewebs.com,Support
Belinda,Freake,bfreakek1@techcrunch.com,Research and Development
Georges,Rippin,grippink2@vistaprint.com,Support
Peder,Molesworth,pmolesworthk3@digg.com,Legal
Nadya,Frances,nfrancesk4@state.tx.us,Training
Enid,Isacsson,eisacssonk5@cnn.com,Research and Development
Mureil,Oran,morank6@intel.com,Human Resources
Margarethe,Oki,mokik7@home.pl,Business Development
Silva,Hedon,shedonk8@usnews.com,Business Development
Enrika,Rispin,erispink9@google.com.br,Accounting
Mildred,Jakeway,mjakewayka@facebook.com,Sales
Cal,Kinforth,ckinforthkb@vistaprint.com,Accounting
Ethe,McIlroy,emcilroykc@facebook.com,Accounting
Harcourt,Slyford,hslyfordkd@histats.com,Sales
Denney,Beebis,dbeebiske@ameblo.jp,Research and Development
Rozalie,Wickerson,rwickersonkf@stumbleupon.com,Engineering
Ashlen,Conrard,aconrardkg@hatena.ne.jp,Business Development
Nigel,Sheara,nshearakh@webmd.com,Research and Development
Norah,Morhall,nmorhallki@archive.org,Training
Zsa zsa,McSherry,zmcsherrykj@miibeian.gov.cn,Services
Harley,Ternott,hternottkk@e-recht24.de,Sales
Zia,Abys,zabyskl@ycombinator.com,Engineering
Livvie,Loach,lloachkm@shinystat.com,Business Development
Megen,Wonter,mwonterkn@canalblog.com,Accounting
Iolanthe,Scare,iscareko@craigslist.org,Business Development
Krista,Hambling,khamblingkp@xinhuanet.com,Research and Development
Jereme,Spring,jspringkq@geocities.jp,Training
Marjie,O'Hear,mohearkr@paginegialle.it,Legal
Laney,Cressy,lcressyks@illinois.edu,Research and Development
Tan,Popham,tpophamkt@netvibes.com,Engineering
Caresse,Adamsson,cadamssonku@disqus.com,Sales
Jan,McGreary,jmcgrearykv@sfgate.com,Research and Development
Jefferey,Gerran,jgerrankw@buzzfeed.com,Accounting
Ugo,Prangle,upranglekx@pinterest.com,Business Development
Wilmer,Brason,wbrasonky@1und1.de,Accounting
Sheff,Jovasevic,sjovasevickz@japanpost.jp,Research and Development
Malinde,Philipeaux,mphilipeauxl0@tiny.cc,Human Resources
Dee dee,Kmiec,dkmiecl1@nhs.uk,Support
Datha,Klainman,dklainmanl2@tripadvisor.com,Support
Darb,Kondratovich,dkondratovichl3@ft.com,Support
Stewart,Jouandet,sjouandetl4@example.com,Accounting
Vittorio,Levene,vlevenel5@live.com,Engineering
Helen-elizabeth,Whitmore,hwhitmorel6@spiegel.de,Marketing
Jacky,Wager,jwagerl7@oaic.gov.au,Training
Emiline,Grenshields,egrenshieldsl8@hp.com,Marketing
Mamie,Battrum,mbattruml9@csmonitor.com,Research and Development
Mallissa,Fessby,mfessbyla@census.gov,Research and Development
Dee,Blackway,dblackwaylb@163.com,Product Management
Alexi,Covey,acoveylc@ed.gov,Human Resources
Sharl,Mattingly,smattinglyld@census.gov,Research and Development
Isabella,Earlam,iearlamle@list-manage.com,Product Management
Gardiner,Lemmanbie,glemmanbielf@51.la,Support
Shanon,Rahill,srahilllg@altervista.org,Product Management
Cher,McCullouch,cmccullouchlh@hubpages.com,Training
Engelbert,Evitts,eevittsli@cisco.com,Accounting
Wynne,Milton-White,wmiltonwhitelj@alibaba.com,Marketing
Marje,Parsall,mparsalllk@tripadvisor.com,Marketing
Pen,Crich,pcrichll@g.co,Research and Development
Glen,Frondt,gfrondtlm@mediafire.com,Services
Palm,Boase,pboaseln@slate.com,Support
Ralf,Paiton,rpaitonlo@washingtonpost.com,Product Management
Sheridan,Pelham,spelhamlp@pcworld.com,Services
Trudie,Spirritt,tspirrittlq@pbs.org,Sales
Constanta,Nortunen,cnortunenlr@wiley.com,Human Resources
Cissiee,Timmes,ctimmesls@seattletimes.com,Training
Rudiger,Brickwood,rbrickwoodlt@house.gov,Product Management
Ebony,Stockhill,estockhilllu@jiathis.com,Engineering
Pavel,Vennart,pvennartlv@csmonitor.com,Services
Cacilia,Catteroll,ccatterolllw@tinyurl.com,Legal
Evangeline,Beauchamp,ebeauchamplx@nydailynews.com,Engineering
Holly-anne,Yakobowitch,hyakobowitchly@china.com.cn,Accounting
Lalo,Dogg,ldogglz@dailymail.co.uk,Human Resources
Deane,Bakesef,dbakesefm0@berkeley.edu,Human Resources
Lauree,Osinin,losininm1@nifty.com,Engineering
Moshe,Budden,mbuddenm2@usa.gov,Engineering
Dory,Terbrug,dterbrugm3@vinaora.com,Accounting
Bartholomeo,Hungerford,bhungerfordm4@facebook.com,Business Development
Nestor,Texton,ntextonm5@barnesandnoble.com,Legal
Maddie,Seaborn,mseabornm6@miibeian.gov.cn,Engineering
Waite,Skellorne,wskellornem7@economist.com,Accounting
Bron,Spear,bspearm8@ask.com,Sales
Chelsea,Deveril,cdeverilm9@pbs.org,Human Resources
Germain,Chifney,gchifneyma@shop-pro.jp,Support
Shelley,Oyley,soyleymb@google.com,Engineering
Manuel,Trenaman,mtrenamanmc@addtoany.com,Legal
Mile,Teasell,mteasellmd@alibaba.com,Legal
Colan,Escalante,cescalanteme@cyberchimps.com,Research and Development
Lonni,Beevens,lbeevensmf@unesco.org,Legal
Barron,Bottoms,bbottomsmg@example.com,Legal
Alvan,Oley,aoleymh@google.com,Services
Natty,Oherlihy,noherlihymi@sphinn.com,Research and Development
Verna,Borrill,vborrillmj@a8.net,Marketing
Marillin,Bothen,mbothenmk@wordpress.com,Marketing
Margo,Helix,mhelixml@washington.edu,Engineering
Maxie,Donett,mdonettmm@prlog.org,Legal
Indira,Swannick,iswannickmn@weebly.com,Training
Jeniece,Mitchley,jmitchleymo@gravatar.com,Sales
Roby,Zannelli,rzannellimp@nasa.gov,Business Development
Kev,Pert,kpertmq@smh.com.au,Product Management
Sandye,Rame,sramemr@fastcompany.com,Legal
Melesa,Borrow,mborrowms@cam.ac.uk,Business Development
Ashely,Taberer,ataberermt@miibeian.gov.cn,Training
Pippa,Ibbett,pibbettmu@jimdo.com,Research and Development
Boonie,Tembridge,btembridgemv@imgur.com,Accounting
Daryle,Balmann,dbalmannmw@netlog.com,Accounting
Valeda,Garrals,vgarralsmx@go.com,Business Development
Padraig,Kalaher,pkalahermy@topsy.com,Engineering
Phillipe,Harriman,pharrimanmz@house.gov,Marketing
Corbett,Halbard,chalbardn0@spiegel.de,Product Management
Ardyce,Wilkisson,awilkissonn1@mediafire.com,Business Development
Bearnard,Dehmel,bdehmeln2@microsoft.com,Business Development
Krista,Petrasso,kpetrasson3@arstechnica.com,Sales
Luciano,Belsham,lbelshamn4@ehow.com,Business Development
Livvy,Fadden,lfaddenn5@free.fr,Support
Emery,MacNeilage,emacneilagen6@myspace.com,Engineering
Millard,Noen,mnoenn7@chronoengine.com,Accounting
Claudius,Dublin,cdublinn8@prweb.com,Services
Marrilee,Wagen,mwagenn9@joomla.org,Engineering
Mella,Ironside,mironsidena@narod.ru,Business Development
Reuven,Buse,rbusenb@umich.edu,Marketing
Patin,Kearney,pkearneync@businessweek.com,Engineering
Anders,Trewhella,atrewhelland@timesonline.co.uk,Engineering
Erma,Castiglione,ecastiglionene@illinois.edu,Legal
Dollie,Badwick,dbadwicknf@surveymonkey.com,Training
Spencer,Cottis,scottisng@fda.gov,Research and Development
Sunny,Chilton,schiltonnh@deliciousdays.com,Legal
Susette,Kolinsky,skolinskyni@ehow.com,Support
Sadella,Hogsden,shogsdennj@springer.com,Product Management
Britteny,Benedict,bbenedictnk@sciencedaily.com,Training
Ossie,Roscow,oroscownl@constantcontact.com,Business Development
Neilla,Grimstead,ngrimsteadnm@umn.edu,Engineering
Coreen,Hebron,chebronnn@plala.or.jp,Accounting
Jud,Mattiessen,jmattiessenno@cargocollective.com,Support
Ancell,Spratt,asprattnp@ucla.edu,Support
Temple,Kidson,tkidsonnq@yellowpages.com,Support
Hurleigh,Agostini,hagostininr@slate.com,Marketing
Rik,Castard,rcastardns@miibeian.gov.cn,Training
Dorena,Corbie,dcorbient@vistaprint.com,Product Management
Gilberta,Grierson,ggriersonnu@fotki.com,Training
Zackariah,Hemeret,zhemeretnv@sphinn.com,Training
Mill,Kenyam,mkenyamnw@tripadvisor.com,Human Resources
Jeannie,Neylon,jneylonnx@google.nl,Marketing
Zane,Worsfield,zworsfieldny@amazon.com,Human Resources
Townie,Brogini,tbrogininz@nasa.gov,Marketing
Lyon,Mokes,lmokeso0@tuttocitta.it,Accounting
Jennette,Morena,jmorenao1@whitehouse.gov,Human Resources
Oberon,Jewise,ojewiseo2@com.com,Engineering
Leigh,Jessel,ljesselo3@wunderground.com,Business Development
Jone,Igoe,jigoeo4@intel.com,Sales
Gaston,Cuxon,gcuxono5@zdnet.com,Research and Development
Marsiella,Stogill,mstogillo6@npr.org,Business Development
Cicely,Ivasechko,civasechkoo7@chicagotribune.com,Marketing
Katherine,Crippill,kcrippillo8@51.la,Engineering
Gustie,Steffan,gsteffano9@yahoo.co.jp,Research and Development
Rodi,Hellis,rhellisoa@yale.edu,Business Development
Linzy,Lucius,lluciusob@businessweek.com,Research and Development
Davina,Wavell,dwavelloc@admin.ch,Engineering
Kingsly,Strong,kstrongod@cmu.edu,Accounting
Bertine,Armiger,barmigeroe@java.com,Human Resources
Chery,Tesh,cteshof@comcast.net,Research and Development
Chastity,Jennins,cjenninsog@google.ru,Services
Rozamond,Klaiser,rklaiseroh@sitemeter.com,Sales
Godfrey,Domoney,gdomoneyoi@printfriendly.com,Services
Melony,Kindon,mkindonoj@shutterfly.com,Research and Development
Ilysa,Llewellen,illewellenok@un.org,Services
Jeana,Kolak,jkolakol@discovery.com,Marketing
Juliann,Stoad,jstoadom@dion.ne.jp,Accounting
Shannen,Flanigan,sflaniganon@auda.org.au,Support
Poul,Setterfield,psetterfieldoo@amazonaws.com,Product Management
Jereme,Sivil,jsivilop@loc.gov,Research and Development
Reidar,Meadowcroft,rmeadowcroftoq@chronoengine.com,Sales
Brana,Bridgland,bbridglandor@hostgator.com,Support
Ben,Bonome,bbonomeos@amazon.co.uk,Research and Development
Cristal,Pride,cprideot@yolasite.com,Marketing
Skipp,Eleshenar,seleshenarou@instagram.com,Legal
Carlen,Pierro,cpierroov@adobe.com,Human Resources
Roanna,Scogin,rscoginow@hao123.com,Training
Emmalynne,Donisthorpe,edonisthorpeox@technorati.com,Support
Morgana,Pennino,mpenninooy@va.gov,Services
Arte,Smoth,asmothoz@harvard.edu,Human Resources
Steffane,Longdon,slongdonp0@un.org,Business Development
Tandi,Pibworth,tpibworthp1@foxnews.com,Legal
Shelley,Schall,sschallp2@statcounter.com,Accounting
Dannye,McGerraghty,dmcgerraghtyp3@bandcamp.com,Marketing
Tonye,Unsworth,tunsworthp4@shop-pro.jp,Sales
Tabatha,Olpin,tolpinp5@google.ru,Marketing
Natalya,Tafani,ntafanip6@fc2.com,Research and Development
Tamar,Leverette,tleverettep7@spotify.com,Research and Development
Rochella,Lent,rlentp8@webs.com,Support
Claus,Alves,calvesp9@sphinn.com,Services
Liz,Pennock,lpennockpa@wikimedia.org,Engineering
Markus,Christoforou,mchristoforoupb@bloomberg.com,Product Management
Jerrie,Ruoff,jruoffpc@pen.io,Support
Talia,De la Harpe,tdelaharpepd@edublogs.org,Product Management
Dewey,Healing,dhealingpe@google.de,Business Development
Tarrance,Profit,tprofitpf@gravatar.com,Product Management
Cornelius,Delos,cdelospg@free.fr,Legal
Hatti,Elmar,helmarph@msu.edu,Business Development
Lindsy,Ridding,lriddingpi@1und1.de,Support
Hans,Martell,hmartellpj@dell.com,Product Management
Adler,Brownfield,abrownfieldpk@sphinn.com,Training
Peirce,Hampshaw,phampshawpl@nature.com,Legal
Lyndy,Layland,llaylandpm@etsy.com,Services
Angil,Cunah,acunahpn@ezinearticles.com,Business Development
Lanette,Branston,lbranstonpo@mail.ru,Training
Jermayne,Paffot,jpaffotpp@alexa.com,Training
Nicole,Longshaw,nlongshawpq@4shared.com,Business Development
Maurizia,Pantridge,mpantridgepr@scribd.com,Marketing
Geneva,Mackiewicz,gmackiewiczps@technorati.com,Sales
Ashla,Kettle,akettlept@statcounter.com,Accounting
Rodolfo,Woltman,rwoltmanpu@fastcompany.com,Product Management
Gillan,Sibbald,gsibbaldpv@ovh.net,Business Development
Nissie,Ferrant,nferrantpw@sfgate.com,Product Management
Herschel,McCurlye,hmccurlyepx@ted.com,Research and Development
Chrissy,Hele,chelepy@ycombinator.com,Product Management
Wesley,Cooke,wcookepz@list-manage.com,Accounting
Rosita,Petrushanko,rpetrushankoq0@tuttocitta.it,Engineering
Lind,Doud,ldoudq1@upenn.edu,Marketing
Humphrey,Norvel,hnorvelq2@rambler.ru,Legal
Sigismundo,Windridge,swindridgeq3@i2i.jp,Product Management
Addy,Swoffer,aswofferq4@timesonline.co.uk,Human Resources
Henrik,Birkbeck,hbirkbeckq5@myspace.com,Legal
Marlane,Stooders,mstoodersq6@feedburner.com,Business Development
Maryjo,Zima,mzimaq7@guardian.co.uk,Human Resources
Trenna,Sturton,tsturtonq8@jigsy.com,Product Management
Nisse,Bernardoux,nbernardouxq9@msu.edu,Business Development
Eduardo,Eltun,eeltunqa@phoca.cz,Engineering
Adolph,Wigin,awiginqb@tuttocitta.it,Training
Margalit,Condell,mcondellqc@indiegogo.com,Services
Redford,Sheriff,rsheriffqd@npr.org,Legal
Uriah,Conrart,uconrartqe@google.ru,Research and Development
Jorey,Colliber,jcolliberqf@e-recht24.de,Services
Valeda,Lye,vlyeqg@youtube.com,Sales
Zebulen,Coppins,zcoppinsqh@ftc.gov,Legal
Tomasine,Caustick,tcaustickqi@china.com.cn,Engineering
Court,Cleverley,ccleverleyqj@ovh.net,Accounting
Gwyneth,Stother,gstotherqk@ehow.com,Marketing
Eadie,Duffan,eduffanql@qq.com,Legal
Edwina,Havik,ehavikqm@icio.us,Human Resources
Ali,Kores,akoresqn@feedburner.com,Business Development
Brenda,Youle,byouleqo@devhub.com,Human Resources
Franklin,Croll,fcrollqp@independent.co.uk,Human Resources
Trent,Shingler,tshinglerqq@sciencedirect.com,Marketing
Kory,Ahrenius,kahreniusqr@japanpost.jp,Training
Deane,Praundlin,dpraundlinqs@google.com.br,Marketing
Auberon,Dulinty,adulintyqt@bandcamp.com,Accounting
Cameron,Cork,ccorkqu@github.com,Accounting
Tamas,Belding,tbeldingqv@google.es,Marketing
Shelly,Pessolt,spessoltqw@wunderground.com,Legal
Rafaello,Han,rhanqx@printfriendly.com,Accounting
Vyky,Flewitt,vflewittqy@who.int,Marketing
Montgomery,Slimm,mslimmqz@livejournal.com,Marketing
Marilyn,Brindle,mbrindler0@mashable.com,Research and Development
Susy,Antill,santillr1@geocities.jp,Accounting
Greer,Dever,gdeverr2@ebay.co.uk,Engineering
Barbie,Pikett,bpikettr3@businessinsider.com,Support
Margy,Petrie,mpetrier4@ucoz.ru,Sales
Josi,Jago,jjagor5@e-recht24.de,Product Management
Alameda,Tatersale,atatersaler6@nifty.com,Training
Maible,Davenall,mdavenallr7@blinklist.com,Marketing
Rossie,Bealton,rbealtonr8@wikimedia.org,Engineering
Mead,Beelby,mbeelbyr9@sakura.ne.jp,Sales
Edlin,Bosward,eboswardra@bloglovin.com,Services
Chad,Yann,cyannrb@blogtalkradio.com,Product Management
Dalton,Staziker,dstazikerrc@oakley.com,Accounting
Werner,Jeavons,wjeavonsrd@wisc.edu,Sales
Francesca,McCotter,fmccotterre@privacy.gov.au,Support
Timi,Poter,tpoterrf@tmall.com,Accounting
Eydie,Earngy,eearngyrg@histats.com,Research and Development
Tabbitha,Stitson,tstitsonrh@japanpost.jp,Engineering
Lettie,Sweynson,lsweynsonri@about.com,Accounting
Daveta,Furphy,dfurphyrj@tumblr.com,Human Resources
Laurens,Krug,lkrugrk@wikispaces.com,Legal
Benedetto,Dominique,bdominiquerl@geocities.com,Accounting
Arlee,Sewards,asewardsrm@g.co,Support
Lance,De La Cote,ldelacotern@amazon.co.jp,Research and Development
Hendrik,Bourgaize,hbourgaizero@bigcartel.com,Legal
Barbara,Deinert,bdeinertrp@fc2.com,Engineering
Rosette,Alesi,ralesirq@ucoz.ru,Marketing
Cristen,Pipworth,cpipworthrr@sun.com,Product Management
